{"accuracy": [0.592503011226654, 0.8544135689735413, 0.9100078344345093, 0.9379898905754089, 0.9548474550247192, 0.9642506837844849, 0.9707944989204407, 0.9760438203811646, 0.9789600968360901, 0.9811081886291504], "loss": [1.3838942050933838, 0.4596041738986969, 0.27446991205215454, 0.18854920566082, 0.13863137364387512, 0.10931126028299332, 0.0887768566608429, 0.07319596409797668, 0.06386568397283554, 0.0580962635576725], "val_accuracy": [0.7831777930259705, 0.8888572454452515, 0.9322786331176758, 0.9360914826393127, 0.9544730186462402, 0.9330753684043884, 0.9305713772773743, 0.9694400429725647, 0.9660254716873169, 0.9661962389945984], "val_loss": [0.7005309462547302, 0.3632870018482208, 0.2087736576795578, 0.19298700988292694, 0.13932684063911438, 0.2143586426973343, 0.23422928154468536, 0.10574125498533249, 0.11422176659107208, 0.10694851726293564]}